[{"model": "core.user", "pk": 1, "fields": {"password": "pbkdf2_sha256$1000000$eiLvyXHFuPvRjTZ9wpXyn4$fVgfz87UtcRIvG+LXP9WkNBFup2Wj6VxHwL6E2nEG0c=", "last_login": "2026-02-04T01:33:41.160Z", "is_superuser": true, "username": "torres", "first_name": "", "last_name": "", "email": "", "is_staff": true, "is_active": true, "date_joined": "2026-02-02T06:00:44.701Z", "department": null, "groups": [], "user_permissions": []}}, {"model": "core.user", "pk": 3, "fields": {"password": "pbkdf2_sha256$1000000$Zdd7HRMJwMNTnJVkJL6vEd$FXEOfUomq20gvWPoydMpnU4roLRme/4ldcTrX50AQk8=", "last_login": "2026-02-12T05:36:43.222Z", "is_superuser": false, "username": "torresharvie", "first_name": "Harvie", "last_name": "Torres", "email": "toddeselvis@gmail.com", "is_staff": false, "is_active": true, "date_joined": "2026-02-02T06:04:28.593Z", "department": "BIDDING", "groups": [], "user_permissions": []}}, {"model": "core.region", "pk": 1, "fields": {"name": "Region 1"}}, {"model": "core.region", "pk": 2, "fields": {"name": "Region 2"}}, {"model": "core.region", "pk": 3, "fields": {"name": "Region 3"}}, {"model": "core.region", "pk": 5, "fields": {"name": "Region 5"}}, {"model": "core.region", "pk": 6, "fields": {"name": "Region 6"}}, {"model": "core.region", "pk": 7, "fields": {"name": "Region 7"}}, {"model": "core.region", "pk": 8, "fields": {"name": "Region 8"}}, {"model": "core.region", "pk": 9, "fields": {"name": "Region 9"}}, {"model": "core.region", "pk": 10, "fields": {"name": "Region 10"}}, {"model": "core.region", "pk": 11, "fields": {"name": "Region 11"}}, {"model": "core.region", "pk": 12, "fields": {"name": "Region 12"}}, {"model": "core.region", "pk": 13, "fields": {"name": "Region 13"}}, {"model": "core.region", "pk": 14, "fields": {"name": "BARMM"}}, {"model": "core.region", "pk": 15, "fields": {"name": "NCR"}}, {"model": "core.region", "pk": 16, "fields": {"name": "CAR"}}, {"model": "core.region", "pk": 17, "fields": {"name": "Region 4-A"}}, {"model": "core.region", "pk": 18, "fields": {"name": "Region 4-B"}}, {"model": "core.envelope", "pk": 1, "fields": {"region": 12, "title": "awawa", "created_at": "2026-02-09T01:14:38.325Z", "is_printed": true}}, {"model": "core.envelope", "pk": 2, "fields": {"region": 14, "title": "sdsd", "created_at": "2026-02-09T05:47:47.900Z", "is_printed": true}}, {"model": "core.envelope", "pk": 3, "fields": {"region": 17, "title": "a", "created_at": "2026-02-09T05:49:35.912Z", "is_printed": true}}, {"model": "core.envelope", "pk": 4, "fields": {"region": 16, "title": "as", "created_at": "2026-02-09T05:52:15.972Z", "is_printed": true}}, {"model": "core.envelope", "pk": 5, "fields": {"region": 13, "title": "asa", "created_at": "2026-02-12T06:04:45.689Z", "is_printed": false}}, {"model": "core.envelope", "pk": 6, "fields": {"region": 16, "title": "bn,b,b", "created_at": "2026-02-12T06:36:13.459Z", "is_printed": false}}, {"model": "core.envelopemeta", "pk": 3, "fields": {"envelope": 2, "project_entity": "asdsad", "procuring_entity": "sdas", "sales_name": "ssd", "door_number": "1"}}, {"model": "core.envelopemeta", "pk": 5, "fields": {"envelope": 3, "project_entity": "s", "procuring_entity": "d", "sales_name": "s", "door_number": "1"}}, {"model": "core.envelopemeta", "pk": 6, "fields": {"envelope": 4, "project_entity": "as", "procuring_entity": "x", "sales_name": "c", "door_number": "1"}}, {"model": "core.envelopemeta", "pk": 7, "fields": {"envelope": 1, "project_entity": "awaw", "procuring_entity": "awaw", "sales_name": "awaw", "door_number": "1"}}, {"model": "core.envelopemeta", "pk": 8, "fields": {"envelope": 1, "project_entity": "awawasasa", "procuring_entity": "dsfsdf", "sales_name": "sdfdsf", "door_number": "1"}}, {"model": "core.envelopemeta", "pk": 9, "fields": {"envelope": 6, "project_entity": "asas", "procuring_entity": "asas", "sales_name": "asas", "door_number": "1"}}, {"model": "core.envelopemeta", "pk": 11, "fields": {"envelope": 5, "project_entity": "asas", "procuring_entity": "asa", "sales_name": "ada", "door_number": "8"}}, {"model": "core.document", "pk": 4, "fields": {"envelope": 2, "title": "", "content_context": "BID SECURING", "num_pages": 122, "date_notarized": null, "file_upload": ""}}, {"model": "core.document", "pk": 6, "fields": {"envelope": 3, "title": "", "content_context": "OMNIBUS SWORN STATEMENT", "num_pages": 2, "date_notarized": "2343-12-02", "file_upload": ""}}, {"model": "core.document", "pk": 7, "fields": {"envelope": 4, "title": "", "content_context": "BID SECURING", "num_pages": 12, "date_notarized": null, "file_upload": ""}}, {"model": "core.document", "pk": 8, "fields": {"envelope": 1, "title": "", "content_context": "OMNIBUS SWORN STATEMENT", "num_pages": 12, "date_notarized": "2025-03-31", "file_upload": ""}}, {"model": "core.document", "pk": 9, "fields": {"envelope": 1, "title": "", "content_context": "OMNIBUS SWORN STATEMENT", "num_pages": 1, "date_notarized": "2025-12-02", "file_upload": ""}}, {"model": "core.document", "pk": 10, "fields": {"envelope": 1, "title": "", "content_context": "SECRETARY'S CERTIFICATE", "num_pages": 1, "date_notarized": null, "file_upload": ""}}, {"model": "core.documenttype", "pk": 1, "fields": {"name": "SECRETARY'S CERTIFICATE"}}, {"model": "core.documenttype", "pk": 2, "fields": {"name": "OMNIBUS SWORN STATEMENT"}}, {"model": "core.documenttype", "pk": 3, "fields": {"name": "BID SECURING"}}, {"model": "core.auditlog", "pk": 1, "fields": {"user": 3, "action": "Created Folder", "details": "Created 'asa' in Region 1", "timestamp": "2026-02-05T03:46:06.280Z"}}, {"model": "core.auditlog", "pk": 2, "fields": {"user": 3, "action": "Created Folder", "details": "Created 'as' in NCR", "timestamp": "2026-02-05T03:59:11.619Z"}}, {"model": "core.auditlog", "pk": 3, "fields": {"user": 3, "action": "Created Folder", "details": "Created sfsfsd", "timestamp": "2026-02-05T05:49:39.438Z"}}, {"model": "core.auditlog", "pk": 4, "fields": {"user": 3, "action": "Added Document Type", "details": "Added new doc type: BID SECURING", "timestamp": "2026-02-05T05:59:22.535Z"}}, {"model": "core.auditlog", "pk": 5, "fields": {"user": 3, "action": "Created Folder", "details": "Created sdasd", "timestamp": "2026-02-05T06:17:41.140Z"}}, {"model": "core.auditlog", "pk": 6, "fields": {"user": 3, "action": "Edited Folder", "details": "Updated sdasdDFNGDFO;GNSDO;FINSMFP'SDMF;LSNHMFD/;FNMG/H;DFKN DSFDFN", "timestamp": "2026-02-05T06:17:54.946Z"}}, {"model": "core.auditlog", "pk": 7, "fields": {"user": 3, "action": "Edited Folder", "details": "Updated sdasdDFNGDFO;GNSDO;FINSMFP'SDMF;LSNHMFD/;FNMG/ASDASDASDSADSADSADH;DFKN DSFDFN", "timestamp": "2026-02-05T06:18:14.049Z"}}, {"model": "core.auditlog", "pk": 8, "fields": {"user": 3, "action": "Created Folder", "details": "Created sad", "timestamp": "2026-02-05T06:29:20.607Z"}}, {"model": "core.auditlog", "pk": 9, "fields": {"user": 3, "action": "Edited Folder", "details": "Updated sad", "timestamp": "2026-02-05T06:29:50.249Z"}}, {"model": "core.auditlog", "pk": 10, "fields": {"user": 3, "action": "Edited Folder", "details": "Updated jessel catiil", "timestamp": "2026-02-05T06:51:27.025Z"}}, {"model": "core.auditlog", "pk": 11, "fields": {"user": 3, "action": "Deleted Folder", "details": "Deleted folder: RFQ-REPAIR/REPAINTING OF PHIVIDEC - IA", "timestamp": "2026-02-05T06:51:51.877Z"}}, {"model": "core.auditlog", "pk": 12, "fields": {"user": 3, "action": "Deleted Folder", "details": "Deleted folder: P.R No. 25-09-093 TCWD", "timestamp": "2026-02-05T06:51:57.914Z"}}, {"model": "core.auditlog", "pk": 13, "fields": {"user": 3, "action": "Deleted Folder", "details": "Deleted folder: jessel catiil", "timestamp": "2026-02-05T06:51:59.448Z"}}, {"model": "core.auditlog", "pk": 14, "fields": {"user": 3, "action": "Deleted Folder", "details": "Deleted folder: RFQ-REPAIR/REPAINTING OF PHIVIDEC - IA", "timestamp": "2026-02-05T06:52:01.133Z"}}, {"model": "core.auditlog", "pk": 15, "fields": {"user": 3, "action": "Deleted Folder", "details": "Deleted folder: sfsfsd", "timestamp": "2026-02-05T06:52:02.627Z"}}, {"model": "core.auditlog", "pk": 16, "fields": {"user": 3, "action": "Created Folder", "details": "Created 'awawa'", "timestamp": "2026-02-09T01:14:38.390Z"}}, {"model": "core.auditlog", "pk": 17, "fields": {"user": 3, "action": "Print Status", "details": "Marked 'awawa' as Printed", "timestamp": "2026-02-09T01:21:31.342Z"}}, {"model": "core.auditlog", "pk": 18, "fields": {"user": 3, "action": "Print Status", "details": "Marked 'awawa' as Unprinted", "timestamp": "2026-02-09T01:21:33.862Z"}}, {"model": "core.auditlog", "pk": 19, "fields": {"user": 3, "action": "Print Status", "details": "Marked 'awawa' as Printed", "timestamp": "2026-02-09T01:21:36.366Z"}}, {"model": "core.auditlog", "pk": 20, "fields": {"user": 3, "action": "Print Status", "details": "Marked 'awawa' as Unprinted", "timestamp": "2026-02-09T01:21:36.807Z"}}, {"model": "core.auditlog", "pk": 21, "fields": {"user": 3, "action": "Print Status", "details": "Marked 'awawa' as Printed", "timestamp": "2026-02-09T01:21:40.163Z"}}, {"model": "core.auditlog", "pk": 22, "fields": {"user": 3, "action": "Print Status", "details": "Marked 'awawa' as Unprinted", "timestamp": "2026-02-09T01:24:11.053Z"}}, {"model": "core.auditlog", "pk": 23, "fields": {"user": 3, "action": "Print Status", "details": "Marked 'awawa' as Printed", "timestamp": "2026-02-09T01:24:11.960Z"}}, {"model": "core.auditlog", "pk": 24, "fields": {"user": 3, "action": "Print Status", "details": "Marked 'awawa' as Unprinted", "timestamp": "2026-02-09T01:24:18.439Z"}}, {"model": "core.auditlog", "pk": 25, "fields": {"user": 3, "action": "Print Status", "details": "Marked 'awawa' as Printed", "timestamp": "2026-02-09T01:24:25.759Z"}}, {"model": "core.auditlog", "pk": 26, "fields": {"user": 3, "action": "Print Status", "details": "Marked 'awawa' as Unprinted", "timestamp": "2026-02-09T01:26:21.545Z"}}, {"model": "core.auditlog", "pk": 27, "fields": {"user": 3, "action": "Print Status", "details": "Marked 'awawa' as Printed", "timestamp": "2026-02-09T01:26:31.780Z"}}, {"model": "core.auditlog", "pk": 28, "fields": {"user": 3, "action": "Print Status", "details": "Marked 'awawa' as Unprinted", "timestamp": "2026-02-09T01:26:32.390Z"}}, {"model": "core.auditlog", "pk": 29, "fields": {"user": 3, "action": "Created Folder", "details": "Created 'sdsd'", "timestamp": "2026-02-09T05:47:47.943Z"}}, {"model": "core.auditlog", "pk": 30, "fields": {"user": 3, "action": "Print Status", "details": "Marked 'awawa' as Printed", "timestamp": "2026-02-09T05:48:03.521Z"}}, {"model": "core.auditlog", "pk": 31, "fields": {"user": 3, "action": "Print Status", "details": "Marked 'awawa' as Unprinted", "timestamp": "2026-02-09T05:48:03.985Z"}}, {"model": "core.auditlog", "pk": 32, "fields": {"user": 3, "action": "Created Folder", "details": "Created 'a'", "timestamp": "2026-02-09T05:49:35.942Z"}}, {"model": "core.auditlog", "pk": 33, "fields": {"user": 3, "action": "Edited Folder", "details": "Updated 'a'", "timestamp": "2026-02-09T05:49:47.016Z"}}, {"model": "core.auditlog", "pk": 34, "fields": {"user": 3, "action": "Created Folder", "details": "Created 'as'", "timestamp": "2026-02-09T05:52:16.009Z"}}, {"model": "core.auditlog", "pk": 35, "fields": {"user": 3, "action": "Print Status", "details": "Marked 'a' as Printed", "timestamp": "2026-02-09T05:56:45.476Z"}}, {"model": "core.auditlog", "pk": 36, "fields": {"user": 3, "action": "Print Status", "details": "Marked 'a' as Unprinted", "timestamp": "2026-02-09T05:56:45.853Z"}}, {"model": "core.auditlog", "pk": 37, "fields": {"user": 3, "action": "Print Status", "details": "Marked 4 items as Printed", "timestamp": "2026-02-09T08:52:42.094Z"}}, {"model": "core.auditlog", "pk": 38, "fields": {"user": 3, "action": "Bulk Edit", "details": "Changed Door #4 to #2 (2 items)", "timestamp": "2026-02-12T05:48:37.818Z"}}, {"model": "core.auditlog", "pk": 39, "fields": {"user": 3, "action": "Bulk Edit", "details": "Changed Door #2 to #4 (3 items)", "timestamp": "2026-02-12T06:03:55.459Z"}}, {"model": "core.auditlog", "pk": 40, "fields": {"user": 3, "action": "Created Folder", "details": "Created 'asa'", "timestamp": "2026-02-12T06:04:45.713Z"}}, {"model": "core.auditlog", "pk": 41, "fields": {"user": 3, "action": "Bulk Edit", "details": "Changed Door #- to #4 (0 items)", "timestamp": "2026-02-12T06:19:06.843Z"}}, {"model": "core.auditlog", "pk": 42, "fields": {"user": 3, "action": "Created Folder", "details": "Created 'bn,b,b'", "timestamp": "2026-02-12T06:36:13.482Z"}}, {"model": "core.auditlog", "pk": 43, "fields": {"user": 3, "action": "Bulk Edit", "details": "Changed Door #6 to #2 (0 items)", "timestamp": "2026-02-12T06:37:54.880Z"}}, {"model": "core.auditlog", "pk": 44, "fields": {"user": 3, "action": "Bulk Edit", "details": "Changed Door #- to #1 (0 items)", "timestamp": "2026-02-12T06:44:51.521Z"}}, {"model": "core.auditlog", "pk": 45, "fields": {"user": 3, "action": "Bulk Edit", "details": "Changed Door #- to #4 (0 items)", "timestamp": "2026-02-12T06:52:54.721Z"}}, {"model": "core.auditlog", "pk": 46, "fields": {"user": 3, "action": "Bulk Edit", "details": "Changed Door #4 to #1 (3 items)", "timestamp": "2026-02-12T06:53:08.666Z"}}, {"model": "core.auditlog", "pk": 47, "fields": {"user": 3, "action": "Bulk Edit", "details": "Changed Door #- to #1 (0 items)", "timestamp": "2026-02-12T06:53:19.289Z"}}, {"model": "core.auditlog", "pk": 48, "fields": {"user": 3, "action": "Bulk Edit", "details": "Bulk Edit: Assigned Door #1 to 0 items with No Door #", "timestamp": "2026-02-12T06:57:47.242Z"}}, {"model": "core.auditlog", "pk": 49, "fields": {"user": 3, "action": "Edited Folder", "details": "Updated 'bn,b,b'", "timestamp": "2026-02-12T06:57:56.794Z"}}, {"model": "core.auditlog", "pk": 50, "fields": {"user": 3, "action": "Edited Folder", "details": "Updated 'bn,b,b'", "timestamp": "2026-02-12T06:58:09.069Z"}}, {"model": "core.auditlog", "pk": 51, "fields": {"user": 3, "action": "Edited Folder", "details": "Updated 'asa'", "timestamp": "2026-02-12T06:58:22.499Z"}}, {"model": "core.auditlog", "pk": 52, "fields": {"user": 3, "action": "Edited Folder", "details": "Updated 'awawa'", "timestamp": "2026-02-12T06:59:09.661Z"}}, {"model": "core.auditlog", "pk": 53, "fields": {"user": 3, "action": "Edited Folder", "details": "Updated 'bn,b,b'", "timestamp": "2026-02-12T07:19:48.236Z"}}, {"model": "core.auditlog", "pk": 54, "fields": {"user": 3, "action": "Edited Folder", "details": "Updated 'asa'", "timestamp": "2026-02-12T07:20:12.053Z"}}, {"model": "core.auditlog", "pk": 55, "fields": {"user": 3, "action": "Edited Folder", "details": "Updated 'asa'", "timestamp": "2026-02-12T07:20:24.325Z"}}, {"model": "core.auditlog", "pk": 56, "fields": {"user": 3, "action": "Edited Folder", "details": "Updated 'asa'", "timestamp": "2026-02-12T07:20:56.165Z"}}, {"model": "core.auditlog", "pk": 57, "fields": {"user": 3, "action": "Edited Folder", "details": "Updated 'asa'", "timestamp": "2026-02-12T07:21:09.478Z"}}, {"model": "admin.logentry", "pk": 1, "fields": {"action_time": "2026-02-02T06:03:44.319Z", "user": 1, "content_type": 3, "object_id": "2", "object_repr": "torresharvie", "action_flag": 3, "change_message": ""}}, {"model": "auth.permission", "pk": 1, "fields": {"name": "Can add envelope", "content_type": 1, "codename": "add_envelope"}}, {"model": "auth.permission", "pk": 2, "fields": {"name": "Can change envelope", "content_type": 1, "codename": "change_envelope"}}, {"model": "auth.permission", "pk": 3, "fields": {"name": "Can delete envelope", "content_type": 1, "codename": "delete_envelope"}}, {"model": "auth.permission", "pk": 4, "fields": {"name": "Can view envelope", "content_type": 1, "codename": "view_envelope"}}, {"model": "auth.permission", "pk": 5, "fields": {"name": "Can add region", "content_type": 2, "codename": "add_region"}}, {"model": "auth.permission", "pk": 6, "fields": {"name": "Can change region", "content_type": 2, "codename": "change_region"}}, {"model": "auth.permission", "pk": 7, "fields": {"name": "Can delete region", "content_type": 2, "codename": "delete_region"}}, {"model": "auth.permission", "pk": 8, "fields": {"name": "Can view region", "content_type": 2, "codename": "view_region"}}, {"model": "auth.permission", "pk": 9, "fields": {"name": "Can add user", "content_type": 3, "codename": "add_user"}}, {"model": "auth.permission", "pk": 10, "fields": {"name": "Can change user", "content_type": 3, "codename": "change_user"}}, {"model": "auth.permission", "pk": 11, "fields": {"name": "Can delete user", "content_type": 3, "codename": "delete_user"}}, {"model": "auth.permission", "pk": 12, "fields": {"name": "Can view user", "content_type": 3, "codename": "view_user"}}, {"model": "auth.permission", "pk": 13, "fields": {"name": "Can add document", "content_type": 4, "codename": "add_document"}}, {"model": "auth.permission", "pk": 14, "fields": {"name": "Can change document", "content_type": 4, "codename": "change_document"}}, {"model": "auth.permission", "pk": 15, "fields": {"name": "Can delete document", "content_type": 4, "codename": "delete_document"}}, {"model": "auth.permission", "pk": 16, "fields": {"name": "Can view document", "content_type": 4, "codename": "view_document"}}, {"model": "auth.permission", "pk": 17, "fields": {"name": "Can add log entry", "content_type": 5, "codename": "add_logentry"}}, {"model": "auth.permission", "pk": 18, "fields": {"name": "Can change log entry", "content_type": 5, "codename": "change_logentry"}}, {"model": "auth.permission", "pk": 19, "fields": {"name": "Can delete log entry", "content_type": 5, "codename": "delete_logentry"}}, {"model": "auth.permission", "pk": 20, "fields": {"name": "Can view log entry", "content_type": 5, "codename": "view_logentry"}}, {"model": "auth.permission", "pk": 21, "fields": {"name": "Can add permission", "content_type": 6, "codename": "add_permission"}}, {"model": "auth.permission", "pk": 22, "fields": {"name": "Can change permission", "content_type": 6, "codename": "change_permission"}}, {"model": "auth.permission", "pk": 23, "fields": {"name": "Can delete permission", "content_type": 6, "codename": "delete_permission"}}, {"model": "auth.permission", "pk": 24, "fields": {"name": "Can view permission", "content_type": 6, "codename": "view_permission"}}, {"model": "auth.permission", "pk": 25, "fields": {"name": "Can add group", "content_type": 7, "codename": "add_group"}}, {"model": "auth.permission", "pk": 26, "fields": {"name": "Can change group", "content_type": 7, "codename": "change_group"}}, {"model": "auth.permission", "pk": 27, "fields": {"name": "Can delete group", "content_type": 7, "codename": "delete_group"}}, {"model": "auth.permission", "pk": 28, "fields": {"name": "Can view group", "content_type": 7, "codename": "view_group"}}, {"model": "auth.permission", "pk": 29, "fields": {"name": "Can add content type", "content_type": 8, "codename": "add_contenttype"}}, {"model": "auth.permission", "pk": 30, "fields": {"name": "Can change content type", "content_type": 8, "codename": "change_contenttype"}}, {"model": "auth.permission", "pk": 31, "fields": {"name": "Can delete content type", "content_type": 8, "codename": "delete_contenttype"}}, {"model": "auth.permission", "pk": 32, "fields": {"name": "Can view content type", "content_type": 8, "codename": "view_contenttype"}}, {"model": "auth.permission", "pk": 33, "fields": {"name": "Can add session", "content_type": 9, "codename": "add_session"}}, {"model": "auth.permission", "pk": 34, "fields": {"name": "Can change session", "content_type": 9, "codename": "change_session"}}, {"model": "auth.permission", "pk": 35, "fields": {"name": "Can delete session", "content_type": 9, "codename": "delete_session"}}, {"model": "auth.permission", "pk": 36, "fields": {"name": "Can view session", "content_type": 9, "codename": "view_session"}}, {"model": "auth.permission", "pk": 37, "fields": {"name": "Can add audit log", "content_type": 10, "codename": "add_auditlog"}}, {"model": "auth.permission", "pk": 38, "fields": {"name": "Can change audit log", "content_type": 10, "codename": "change_auditlog"}}, {"model": "auth.permission", "pk": 39, "fields": {"name": "Can delete audit log", "content_type": 10, "codename": "delete_auditlog"}}, {"model": "auth.permission", "pk": 40, "fields": {"name": "Can view audit log", "content_type": 10, "codename": "view_auditlog"}}, {"model": "auth.permission", "pk": 41, "fields": {"name": "Can add envelope meta", "content_type": 11, "codename": "add_envelopemeta"}}, {"model": "auth.permission", "pk": 42, "fields": {"name": "Can change envelope meta", "content_type": 11, "codename": "change_envelopemeta"}}, {"model": "auth.permission", "pk": 43, "fields": {"name": "Can delete envelope meta", "content_type": 11, "codename": "delete_envelopemeta"}}, {"model": "auth.permission", "pk": 44, "fields": {"name": "Can view envelope meta", "content_type": 11, "codename": "view_envelopemeta"}}, {"model": "auth.permission", "pk": 45, "fields": {"name": "Can add document type", "content_type": 12, "codename": "add_documenttype"}}, {"model": "auth.permission", "pk": 46, "fields": {"name": "Can change document type", "content_type": 12, "codename": "change_documenttype"}}, {"model": "auth.permission", "pk": 47, "fields": {"name": "Can delete document type", "content_type": 12, "codename": "delete_documenttype"}}, {"model": "auth.permission", "pk": 48, "fields": {"name": "Can view document type", "content_type": 12, "codename": "view_documenttype"}}, {"model": "contenttypes.contenttype", "pk": 1, "fields": {"app_label": "core", "model": "envelope"}}, {"model": "contenttypes.contenttype", "pk": 2, "fields": {"app_label": "core", "model": "region"}}, {"model": "contenttypes.contenttype", "pk": 3, "fields": {"app_label": "core", "model": "user"}}, {"model": "contenttypes.contenttype", "pk": 4, "fields": {"app_label": "core", "model": "document"}}, {"model": "contenttypes.contenttype", "pk": 5, "fields": {"app_label": "admin", "model": "logentry"}}, {"model": "contenttypes.contenttype", "pk": 6, "fields": {"app_label": "auth", "model": "permission"}}, {"model": "contenttypes.contenttype", "pk": 7, "fields": {"app_label": "auth", "model": "group"}}, {"model": "contenttypes.contenttype", "pk": 8, "fields": {"app_label": "contenttypes", "model": "contenttype"}}, {"model": "contenttypes.contenttype", "pk": 9, "fields": {"app_label": "sessions", "model": "session"}}, {"model": "contenttypes.contenttype", "pk": 10, "fields": {"app_label": "core", "model": "auditlog"}}, {"model": "contenttypes.contenttype", "pk": 11, "fields": {"app_label": "core", "model": "envelopemeta"}}, {"model": "contenttypes.contenttype", "pk": 12, "fields": {"app_label": "core", "model": "documenttype"}}, {"model": "sessions.session", "pk": "0hh2ii2x02hi17f4rc9kud2i57ep14ku", "fields": {"session_data": ".eJxVjDkOwjAUBe_iGll4yyeU9DmD9RcbB5AjxUmFuDuJlALaNzPvrSKuS4lrS3McRV2VU6ffjZCfqe5AHljvk-apLvNIelf0QZseJkmv2-H-HRRsZas95M4y9J134Ai9OQcXbDYEAROQXNhi3jj4xNJbyAFEjGdLhME4UJ8v03o32g:1vpG2q:p2EgoaAlmyEmCrt3TjeKaxKm2VAYVdwFDDupmno8_lQ", "expire_date": "2026-02-09T01:56:32.405Z"}}, {"model": "sessions.session", "pk": "2nh0hbwb4t9ub202dsk7sd9l7tv0fg74", "fields": {"session_data": ".eJxVjDkOwjAUBe_iGll4yyeU9DmD9RcbB5AjxUmFuDuJlALaNzPvrSKuS4lrS3McRV2VU6ffjZCfqe5AHljvk-apLvNIelf0QZseJkmv2-H-HRRsZas95M4y9J134Ai9OQcXbDYEAROQXNhi3jj4xNJbyAFEjGdLhME4UJ8v03o32g:1vnT16:u5rfJY3aOvlIqgsH4G8i8n3GTj-VnKp1fUCWUhNW-28", "expire_date": "2026-02-04T03:23:20.288Z"}}, {"model": "sessions.session", "pk": "8ombyxwbc5x5bwmdvzz73ji51hw2bwh3", "fields": {"session_data": ".eJxVjDkOwjAUBe_iGll4yyeU9DmD9RcbB5AjxUmFuDuJlALaNzPvrSKuS4lrS3McRV2VU6ffjZCfqe5AHljvk-apLvNIelf0QZseJkmv2-H-HRRsZas95M4y9J134Ai9OQcXbDYEAROQXNhi3jj4xNJbyAFEjGdLhME4UJ8v03o32g:1vntFa:VtD7CiuabX8K7bP_wHnKClx0oXg0MOWKKkr_W90v9l0", "expire_date": "2026-02-05T07:24:02.218Z"}}, {"model": "sessions.session", "pk": "avr4qjfu8o0pdgq1qjhs625rvd7ni91x", "fields": {"session_data": ".eJxVjDkOwjAUBe_iGll4yyeU9DmD9RcbB5AjxUmFuDuJlALaNzPvrSKuS4lrS3McRV2VU6ffjZCfqe5AHljvk-apLvNIelf0QZseJkmv2-H-HRRsZas95M4y9J134Ai9OQcXbDYEAROQXNhi3jj4xNJbyAFEjGdLhME4UJ8v03o32g:1vnWiN:MLd8eraHxWXuwDWdquf9CudHiT-aNtefWYINEbzTPfA", "expire_date": "2026-02-04T07:20:15.586Z"}}, {"model": "sessions.session", "pk": "esyt9kjac6fw6ufiari7fooii7irbr9n", "fields": {"session_data": ".eJxVjDkOwjAUBe_iGll4yyeU9DmD9RcbB5AjxUmFuDuJlALaNzPvrSKuS4lrS3McRV2VU6ffjZCfqe5AHljvk-apLvNIelf0QZseJkmv2-H-HRRsZas95M4y9J134Ai9OQcXbDYEAROQXNhi3jj4xNJbyAFEjGdLhME4UJ8v03o32g:1vnSTe:POcdHFcYHcGFJ_h9et-Yi_fQ7-H4oBqr0T2FpT3WqIE", "expire_date": "2026-02-04T02:48:46.996Z"}}, {"model": "sessions.session", "pk": "fgyqwaic4itgijemzwor8epd0gdw1q32", "fields": {"session_data": ".eJxVjDkOwjAUBe_iGll4yyeU9DmD9RcbB5AjxUmFuDuJlALaNzPvrSKuS4lrS3McRV2VU6ffjZCfqe5AHljvk-apLvNIelf0QZseJkmv2-H-HRRsZas95M4y9J134Ai9OQcXbDYEAROQXNhi3jj4xNJbyAFEjGdLhME4UJ8v03o32g:1vnVk5:77SjmaLEy3IosG5GdF1rllCqiXv-W7vL8u1gPk2cD0U", "expire_date": "2026-02-04T06:17:57.110Z"}}, {"model": "sessions.session", "pk": "fz0a2sqqpwel8js2mxppf568a2mfvd0k", "fields": {"session_data": ".eJxVjDkOwjAUBe_iGll4yyeU9DmD9RcbB5AjxUmFuDuJlALaNzPvrSKuS4lrS3McRV2VU6ffjZCfqe5AHljvk-apLvNIelf0QZseJkmv2-H-HRRsZas95M4y9J134Ai9OQcXbDYEAROQXNhi3jj4xNJbyAFEjGdLhME4UJ8v03o32g:1vqR46:98ijdKlQblY1AvCXf9LzOnLnphUXdxdnxisyh4UfJcw", "expire_date": "2026-02-12T07:54:42.395Z"}}, {"model": "sessions.session", "pk": "hk0tsialm5q87b0gtp83f9yduoe0x0nz", "fields": {"session_data": ".eJxVjDkOwjAUBe_iGll4yyeU9DmD9RcbB5AjxUmFuDuJlALaNzPvrSKuS4lrS3McRV2VU6ffjZCfqe5AHljvk-apLvNIelf0QZseJkmv2-H-HRRsZas95M4y9J134Ai9OQcXbDYEAROQXNhi3jj4xNJbyAFEjGdLhME4UJ8v03o32g:1vno0v:9uObTMzaoHySHztE_4zZrnPUDR7jdAngLOUTP5bQTQs", "expire_date": "2026-02-05T01:48:33.859Z"}}, {"model": "sessions.session", "pk": "htm2k23ycd2rbh75fjkeu11tfwmah3j0", "fields": {"session_data": ".eJxVjDkOwjAUBe_iGll4yyeU9DmD9RcbB5AjxUmFuDuJlALaNzPvrSKuS4lrS3McRV2VU6ffjZCfqe5AHljvk-apLvNIelf0QZseJkmv2-H-HRRsZas95M4y9J134Ai9OQcXbDYEAROQXNhi3jj4xNJbyAFEjGdLhME4UJ8v03o32g:1vnqWO:JxwPbg7ZSrM8AQ9iCe4VRz3EXkSqIkF2qCZO643dQ44", "expire_date": "2026-02-05T04:29:12.066Z"}}, {"model": "sessions.session", "pk": "kosfcj74wlh00er8ny8ifvxw127a3ynq", "fields": {"session_data": ".eJxVjDkOwjAUBe_iGll4yyeU9DmD9RcbB5AjxUmFuDuJlALaNzPvrSKuS4lrS3McRV2VU6ffjZCfqe5AHljvk-apLvNIelf0QZseJkmv2-H-HRRsZas95M4y9J134Ai9OQcXbDYEAROQXNhi3jj4xNJbyAFEjGdLhME4UJ8v03o32g:1vnXi3:7T-Cf2Rh826yhyNNpq4mC7pJi-pOBq1BO__7FdNzyfw", "expire_date": "2026-02-04T08:23:59.419Z"}}, {"model": "sessions.session", "pk": "kyn0uw7njcu5mzu8bwvfq82k2abs1pk4", "fields": {"session_data": ".eJxVjDkOwjAUBe_iGll4yyeU9DmD9RcbB5AjxUmFuDuJlALaNzPvrSKuS4lrS3McRV2VU6ffjZCfqe5AHljvk-apLvNIelf0QZseJkmv2-H-HRRsZas95M4y9J134Ai9OQcXbDYEAROQXNhi3jj4xNJbyAFEjGdLhME4UJ8v03o32g:1vpKQ4:6wzKJLtV8b_OC-RMeDI3vJWcu_cjP3_wIXKv4bWvxKE", "expire_date": "2026-02-09T06:36:48.263Z"}}, {"model": "sessions.session", "pk": "m3i4hhmlrct7wlhtys12ih5n323ry30j", "fields": {"session_data": ".eJxVjDkOwjAUBe_iGll4yyeU9DmD9RcbB5AjxUmFuDuJlALaNzPvrSKuS4lrS3McRV2VU6ffjZCfqe5AHljvk-apLvNIelf0QZseJkmv2-H-HRRsZas95M4y9J134Ai9OQcXbDYEAROQXNhi3jj4xNJbyAFEjGdLhME4UJ8v03o32g:1vpN0l:5DxWMueZfq7LwG5gdUw1iy8Q830uGlwfZvS2TlRre90", "expire_date": "2026-02-09T09:22:51.816Z"}}, {"model": "sessions.session", "pk": "pbluyehpfjgjobxtxn8baiy0klviy42d", "fields": {"session_data": ".eJxVjDkOwjAUBe_iGll4yyeU9DmD9RcbB5AjxUmFuDuJlALaNzPvrSKuS4lrS3McRV2VU6ffjZCfqe5AHljvk-apLvNIelf0QZseJkmv2-H-HRRsZas95M4y9J134Ai9OQcXbDYEAROQXNhi3jj4xNJbyAFEjGdLhME4UJ8v03o32g:1vq0FJ:OnYe2DniObiXMgCl_Y6aeE7u_0T5HD8SWrpNUUgaT78", "expire_date": "2026-02-11T03:16:29.719Z"}}, {"model": "sessions.session", "pk": "pxk5pkfwjpvbpiywzkvdov1b7k88ynj9", "fields": {"session_data": ".eJxVjDkOwjAUBe_iGll4yyeU9DmD9RcbB5AjxUmFuDuJlALaNzPvrSKuS4lrS3McRV2VU6ffjZCfqe5AHljvk-apLvNIelf0QZseJkmv2-H-HRRsZas95M4y9J134Ai9OQcXbDYEAROQXNhi3jj4xNJbyAFEjGdLhME4UJ8v03o32g:1vnreG:FXggMnIxlcI9R3cekPM-2_zxUSyhMH_flf5aGL1eHHg", "expire_date": "2026-02-05T05:41:24.227Z"}}]